snapshot,issue_id,TMS_selected,TMS_severity,TMS_effort,TMS_created,PMS_selected,PMS_severity,PMS_effort,PMS_created
2017-07-01 00:00:00+00:00,AW0dNVjkx-vQs4-GMWmQ,True,LOW,5.0,2017-06-28 16:52:27,False,,,
2017-07-01 00:00:00+00:00,AZBbMbZQ-vc9aDr8e5xE,True,HIGH,5.0,2017-06-28 16:52:27,False,,,
2017-07-01 00:00:00+00:00,AZCZ4oJd51sfoL4w8vai,True,MEDIUM,1.0,2017-06-28 16:52:27,False,,,
2017-07-01 00:00:00+00:00,AZCZ4oJd51sfoL4w8vaj,True,LOW,5.0,2017-06-28 16:52:27,False,,,
2017-07-01 00:00:00+00:00,AZdCsuIuLnYlTxqC0rnW,True,INFO,10.0,2017-06-28 16:52:27,False,,,
2017-08-01 00:00:00+00:00,AZBbMZwc-vc9aDr8e5t8,True,HIGH,5.0,2017-07-21 00:59:29,False,,,
2017-08-01 00:00:00+00:00,AZBbMa7_-vc9aDr8e5wB,True,HIGH,2.0,2017-06-28 16:52:27,False,,,
2017-08-01 00:00:00+00:00,AZCZ4oJd51sfoL4w8vai,True,MEDIUM,1.0,2017-06-28 16:52:27,False,,,
2017-08-01 00:00:00+00:00,AZCZ4oJd51sfoL4w8vaj,True,LOW,5.0,2017-06-28 16:52:27,False,,,
2017-08-01 00:00:00+00:00,AZUWLzAr36iphIe0EWYI,True,INFO,2.0,2017-07-21 00:59:29,False,,,
2017-09-01 00:00:00+00:00,AZBbMZwc-vc9aDr8e5t8,True,HIGH,5.0,2017-07-21 00:59:29,False,,,
2017-09-01 00:00:00+00:00,AZBbMa5B-vc9aDr8e5vw,True,HIGH,5.0,2017-08-04 23:21:30,False,,,
2017-09-01 00:00:00+00:00,AZBbMa5B-vc9aDr8e5vx,True,HIGH,5.0,2017-08-04 23:21:30,False,,,
2017-09-01 00:00:00+00:00,AZCZ4oJd51sfoL4w8vai,True,MEDIUM,1.0,2017-06-28 16:52:27,False,,,
2017-09-01 00:00:00+00:00,AZUWLzAr36iphIe0EWYI,True,INFO,2.0,2017-07-21 00:59:29,False,,,
2017-10-01 00:00:00+00:00,AW0dNVhhx-vQs4-GMWlI,True,LOW,5.0,2017-09-15 23:33:54,False,,,
2017-10-01 00:00:00+00:00,AZBbMXOD-vc9aDr8e5rC,True,HIGH,2.0,2017-06-28 16:52:27,False,,,
2017-10-01 00:00:00+00:00,AZBbMa5B-vc9aDr8e5vw,True,HIGH,5.0,2017-08-04 23:21:30,False,,,
2017-10-01 00:00:00+00:00,AZBbMa5B-vc9aDr8e5vx,True,HIGH,5.0,2017-08-04 23:21:30,False,,,
2017-10-01 00:00:00+00:00,AZHnpyYx8YeikcY7eC_j,True,INFO,10.0,2017-09-08 17:40:43,False,,,
2017-11-01 00:00:00+00:00,AW0dNU9rx-vQs4-GMWS-,True,LOW,2.0,2017-10-20 18:21:37,False,,,
2017-11-01 00:00:00+00:00,AW0dNU9rx-vQs4-GMWS_,True,LOW,2.0,2017-10-20 18:21:37,False,,,
2017-11-01 00:00:00+00:00,AW0dNVhhx-vQs4-GMWlI,True,LOW,5.0,2017-09-15 23:33:54,False,,,
2017-11-01 00:00:00+00:00,AZBbMa7_-vc9aDr8e5wC,True,HIGH,2.0,2017-06-28 16:52:27,False,,,
2017-11-01 00:00:00+00:00,AZHnpyYx8YeikcY7eC_j,True,INFO,10.0,2017-09-08 17:40:43,False,,,
2017-12-01 00:00:00+00:00,AW0dNU9rx-vQs4-GMWS-,True,LOW,2.0,2017-10-20 18:21:37,False,,,
2017-12-01 00:00:00+00:00,AW0dNU9rx-vQs4-GMWS_,True,LOW,2.0,2017-10-20 18:21:37,False,,,
2017-12-01 00:00:00+00:00,AZBbMa70-vc9aDr8e5v_,True,HIGH,2.0,2017-06-28 16:52:27,False,,,
2017-12-01 00:00:00+00:00,AZUWL0pW36iphIe0EWbC,True,INFO,2.0,2017-11-14 02:06:40,False,,,
2017-12-01 00:00:00+00:00,AZdbKlEEpVnUlWOCbur4,True,INFO,10.0,2017-11-14 18:54:56,False,,,
2018-01-01 00:00:00+00:00,AZBbMa5B-vc9aDr8e5vw,True,HIGH,5.0,2017-08-04 23:21:30,False,,,
2018-01-01 00:00:00+00:00,AZUWL0l636iphIe0EWa3,True,INFO,2.0,2017-12-14 23:22:14,False,,,
2018-01-01 00:00:00+00:00,AZUWL0l636iphIe0EWa4,True,INFO,2.0,2017-12-14 23:22:14,False,,,
2018-01-01 00:00:00+00:00,AZUWL0nd36iphIe0EWa-,True,INFO,2.0,2017-12-14 23:22:14,False,,,
2018-01-01 00:00:00+00:00,AZUWL0nd36iphIe0EWa9,True,INFO,2.0,2017-12-14 23:22:14,False,,,
2018-02-01 00:00:00+00:00,AZBbMa7_-vc9aDr8e5wB,True,HIGH,2.0,2017-06-28 16:52:27,False,,,
2018-02-01 00:00:00+00:00,AZUWL0l636iphIe0EWa3,True,INFO,2.0,2017-12-14 23:22:14,False,,,
2018-02-01 00:00:00+00:00,AZUWL0l636iphIe0EWa4,True,INFO,2.0,2017-12-14 23:22:14,False,,,
2018-02-01 00:00:00+00:00,AZUWL0nd36iphIe0EWa-,True,INFO,2.0,2017-12-14 23:22:14,False,,,
2018-02-01 00:00:00+00:00,AZUWLx9d36iphIe0EWXB,True,INFO,2.0,2018-01-05 19:17:13,False,,,
2018-03-01 00:00:00+00:00,AZBbMa70-vc9aDr8e5wA,True,HIGH,2.0,2017-06-28 16:52:27,False,,,
2018-03-01 00:00:00+00:00,AZOLYO2D2vcmJlCxpCcb,True,HIGH,15.0,2018-02-03 00:50:07,False,,,
2018-03-01 00:00:00+00:00,AZOLYO2D2vcmJlCxpCcc,True,HIGH,15.0,2018-02-03 00:50:07,False,,,
2018-03-01 00:00:00+00:00,AZUWL0l636iphIe0EWa4,True,INFO,2.0,2017-12-14 23:22:14,False,,,
2018-03-01 00:00:00+00:00,AZUWLx9d36iphIe0EWXB,True,INFO,2.0,2018-01-05 19:17:13,False,,,
2018-04-01 00:00:00+00:00,AW0dNVVox-vQs4-GMWet,True,LOW,2.0,2018-03-05 21:18:15,False,,,
2018-04-01 00:00:00+00:00,AZBbMa7_-vc9aDr8e5wC,True,HIGH,2.0,2017-06-28 16:52:27,False,,,
2018-04-01 00:00:00+00:00,AZCZ4oIC51sfoL4w8vab,True,LOW,5.0,2018-03-05 21:18:15,False,,,
2018-04-01 00:00:00+00:00,AZOLYO2D2vcmJlCxpCcb,True,HIGH,15.0,2018-02-03 00:50:07,False,,,
2018-04-01 00:00:00+00:00,AZUWL0pW36iphIe0EWbD,True,INFO,2.0,2018-03-05 21:18:15,False,,,
2018-05-01 00:00:00+00:00,AW0dNVVox-vQs4-GMWet,True,LOW,2.0,2018-03-05 21:18:15,False,,,
2018-05-01 00:00:00+00:00,AW0dNVk3x-vQs4-GMWnG,True,LOW,2.0,2018-04-16 23:40:15,False,,,
2018-05-01 00:00:00+00:00,AZBbMa70-vc9aDr8e5wA,True,HIGH,2.0,2017-06-28 16:52:27,False,,,
2018-05-01 00:00:00+00:00,AZCZ4oIC51sfoL4w8vab,True,LOW,5.0,2018-03-05 21:18:15,False,,,
2018-05-01 00:00:00+00:00,AZUWL0pW36iphIe0EWbD,True,INFO,2.0,2018-03-05 21:18:15,False,,,
2018-06-01 00:00:00+00:00,AW-Bxjsiqfb8urW85_vo,True,LOW,5.0,2018-05-31 21:11:35,False,,,
2018-06-01 00:00:00+00:00,AZBbMbZQ-vc9aDr8e5xE,True,HIGH,5.0,2017-06-28 16:52:27,False,,,
2018-06-01 00:00:00+00:00,AZHnpyIJ8YeikcY7eC_a,True,INFO,10.0,2018-05-31 23:18:42,False,,,
2018-06-01 00:00:00+00:00,AZHnpyaH8YeikcY7eC_l,True,LOW,15.0,2018-05-31 23:18:42,False,,,
2018-06-01 00:00:00+00:00,AZHnpyaH8YeikcY7eC_p,True,LOW,15.0,2018-05-31 23:18:42,False,,,
2018-07-01 00:00:00+00:00,AW0dNVBPx-vQs4-GMWTS,True,LOW,2.0,2018-06-27 07:03:12,False,,,
2018-07-01 00:00:00+00:00,AW0dNVYNx-vQs4-GMWfo,True,LOW,5.0,2018-06-27 07:03:12,False,,,
2018-07-01 00:00:00+00:00,AW0dNVYQx-vQs4-GMWfu,True,LOW,5.0,2018-06-27 07:03:12,False,,,
2018-07-01 00:00:00+00:00,AZBbMa7_-vc9aDr8e5wC,True,HIGH,2.0,2017-06-28 16:52:27,False,,,
2018-07-01 00:00:00+00:00,AZUWLyHC36iphIe0EWXb,True,INFO,2.0,2018-06-18 19:06:16,False,,,
2018-08-01 00:00:00+00:00,AZBbMXyp-vc9aDr8e5r8,True,HIGH,5.0,2018-07-24 18:06:21,False,,,
2018-08-01 00:00:00+00:00,AZBbMZJD-vc9aDr8e5tY,True,HIGH,5.0,2018-07-13 19:16:57,False,,,
2018-08-01 00:00:00+00:00,AZBbMZJD-vc9aDr8e5tZ,True,HIGH,5.0,2018-07-13 19:16:57,False,,,
2018-08-01 00:00:00+00:00,AZBbMa70-vc9aDr8e5wA,True,HIGH,2.0,2017-06-28 16:52:27,False,,,
2018-08-01 00:00:00+00:00,AZHYH1D1MUF6mZ7v9qwo,True,LOW,1.0,2018-07-12 22:56:16,False,,,
2018-09-01 00:00:00+00:00,AYegSbZeQrUJwQ4hS6nA,True,INFO,0.0,2018-08-21 17:21:53,False,,,
2018-09-01 00:00:00+00:00,AZBbMZJD-vc9aDr8e5tP,True,HIGH,5.0,2018-08-10 06:26:25,False,,,
2018-09-01 00:00:00+00:00,AZBbMZJD-vc9aDr8e5tQ,True,HIGH,5.0,2018-08-10 06:26:25,False,,,
2018-09-01 00:00:00+00:00,AZBbMZJD-vc9aDr8e5ta,True,HIGH,5.0,2018-08-10 06:26:25,False,,,
2018-09-01 00:00:00+00:00,AZBbMa7p-vc9aDr8e5v9,True,HIGH,2.0,2018-08-08 20:46:31,False,,,
2018-10-01 00:00:00+00:00,AZBbMYxq-vc9aDr8e5sl,True,LOW,10.0,2018-09-24 18:30:54,False,,,
2018-10-01 00:00:00+00:00,AZBbMYxq-vc9aDr8e5sm,True,HIGH,5.0,2018-09-24 18:30:54,False,,,
2018-10-01 00:00:00+00:00,AZBbMYxq-vc9aDr8e5sn,True,LOW,10.0,2018-09-24 18:30:54,False,,,
2018-10-01 00:00:00+00:00,AZBbMYxq-vc9aDr8e5so,True,LOW,10.0,2018-09-24 18:30:54,False,,,
2018-10-01 00:00:00+00:00,AZBbMbZQ-vc9aDr8e5xJ,True,HIGH,5.0,2017-06-28 16:52:27,False,,,
2018-11-01 00:00:00+00:00,AW0dNVPgx-vQs4-GMWZ_,True,LOW,2.0,2018-10-26 04:15:21,False,,,
2018-11-01 00:00:00+00:00,AZBbMXOE-vc9aDr8e5rG,True,HIGH,2.0,2018-10-25 19:59:50,False,,,
2018-11-01 00:00:00+00:00,AZBbMYPE-vc9aDr8e5sI,True,HIGH,5.0,2018-10-26 04:15:21,False,,,
2018-11-01 00:00:00+00:00,AZBbMZJD-vc9aDr8e5tc,True,HIGH,5.0,2018-08-10 06:26:25,False,,,
2018-11-01 00:00:00+00:00,AZUWLxbE36iphIe0EWWn,True,INFO,2.0,2018-10-23 21:24:09,False,,,
2018-12-01 00:00:00+00:00,AZBbMa70-vc9aDr8e5v_,True,HIGH,2.0,2017-06-28 16:52:27,False,,,
2018-12-01 00:00:00+00:00,AZLAalpvVrNh1ufgrLdD,True,INFO,10.0,2018-11-17 02:02:41,False,,,
2018-12-01 00:00:00+00:00,AZLjvTYzyTR5NnVSEQi1,True,INFO,10.0,2018-11-12 21:57:28,False,,,
2018-12-01 00:00:00+00:00,AZUWLw3j36iphIe0EWV8,True,INFO,2.0,2018-11-30 21:42:53,False,,,
2018-12-01 00:00:00+00:00,AZUWLw3j36iphIe0EWV9,True,INFO,2.0,2018-11-30 21:42:53,False,,,
2019-01-01 00:00:00+00:00,AZBbMYPE-vc9aDr8e5sI,True,HIGH,5.0,2018-10-26 04:15:21,False,,,
2019-01-01 00:00:00+00:00,AZLAalpvVrNh1ufgrLdD,True,INFO,10.0,2018-11-17 02:02:41,False,,,
2019-01-01 00:00:00+00:00,AZLjvTYzyTR5NnVSEQi1,True,INFO,10.0,2018-11-12 21:57:28,False,,,
2019-01-01 00:00:00+00:00,AZUWLw3j36iphIe0EWV8,True,INFO,2.0,2018-11-30 21:42:53,False,,,
2019-01-01 00:00:00+00:00,AZUWLw3j36iphIe0EWV9,True,INFO,2.0,2018-11-30 21:42:53,False,,,
2019-02-01 00:00:00+00:00,AYxvK6osijFDpMqo8-Cv,True,LOW,2.0,2019-01-15 17:24:13,False,,,
2019-02-01 00:00:00+00:00,AZBbMZJD-vc9aDr8e5tR,True,HIGH,5.0,2019-01-30 23:22:00,False,,,
2019-02-01 00:00:00+00:00,AZBbMa70-vc9aDr8e5v-,True,HIGH,2.0,2017-06-28 16:52:27,False,,,
2019-02-01 00:00:00+00:00,AZIlQd3tnMroJnOziKUW,True,INFO,2.0,2019-01-22 23:50:12,False,,,
2019-02-01 00:00:00+00:00,AZUWL0Ef36iphIe0EWZn,True,INFO,2.0,2019-01-29 18:51:23,False,,,
2019-03-01 00:00:00+00:00,AW0dNVY4x-vQs4-GMWgl,True,LOW,15.0,2019-02-20 01:10:05,False,,,
2019-03-01 00:00:00+00:00,AXZoHwP7aap2AIZWylQm,True,LOW,2.0,2019-02-28 00:21:53,False,,,
2019-03-01 00:00:00+00:00,AXZoHwP7aap2AIZWylQo,True,LOW,2.0,2019-02-28 00:21:53,False,,,
2019-03-01 00:00:00+00:00,AZBbMa70-vc9aDr8e5v_,True,HIGH,2.0,2017-06-28 16:52:27,False,,,
2019-03-01 00:00:00+00:00,AZBbMbke-vc9aDr8e5xk,True,HIGH,5.0,2019-02-28 00:21:53,False,,,
2019-04-01 00:00:00+00:00,AW0dNVh3x-vQs4-GMWlb,True,LOW,5.0,2019-03-24 20:18:29,False,,,
2019-04-01 00:00:00+00:00,AZBbMYzm-vc9aDr8e5sv,True,HIGH,2.0,2017-06-28 16:52:27,False,,,
2019-04-01 00:00:00+00:00,AZBbMbaI-vc9aDr8e5xM,True,HIGH,5.0,2019-03-26 21:51:29,False,,,
2019-04-01 00:00:00+00:00,AZBbMbaI-vc9aDr8e5xN,True,HIGH,5.0,2019-03-26 21:51:29,False,,,
2019-04-01 00:00:00+00:00,AZUWL0fW36iphIe0EWac,True,INFO,2.0,2019-03-26 21:51:29,False,,,
2019-05-01 00:00:00+00:00,AW0dNVPGx-vQs4-GMWZr,True,LOW,5.0,2019-04-11 23:21:46,False,,,
2019-05-01 00:00:00+00:00,AZBbMbZQ-vc9aDr8e5xJ,True,HIGH,5.0,2017-06-28 16:52:27,False,,,
2019-05-01 00:00:00+00:00,AZUWL0Zn36iphIe0EWaF,True,INFO,2.0,2019-04-19 22:03:49,False,,,
2019-05-01 00:00:00+00:00,AZUWLxge36iphIe0EWWq,True,INFO,2.0,2019-04-11 23:21:46,False,,,
2019-05-01 00:00:00+00:00,AZUWLxge36iphIe0EWWr,True,INFO,2.0,2019-04-11 23:21:46,False,,,
2019-06-01 00:00:00+00:00,AW0dNVPGx-vQs4-GMWZr,True,LOW,5.0,2019-04-11 23:21:46,False,,,
2019-06-01 00:00:00+00:00,AXZoHwDwaap2AIZWylQT,True,LOW,2.0,2019-05-01 20:50:11,False,,,
2019-06-01 00:00:00+00:00,AZBbMYpC-vc9aDr8e5sM,True,HIGH,5.0,2018-09-24 18:30:54,False,,,
2019-06-01 00:00:00+00:00,AZUWL0Zn36iphIe0EWaF,True,INFO,2.0,2019-04-19 22:03:49,False,,,
2019-06-01 00:00:00+00:00,AZUWLxge36iphIe0EWWq,True,INFO,2.0,2019-04-11 23:21:46,False,,,
2019-07-01 00:00:00+00:00,AYegSdS3QrUJwQ4hS6nY,True,INFO,0.0,2019-06-11 21:41:15,False,,,
2019-07-01 00:00:00+00:00,AZBbMYxq-vc9aDr8e5sm,True,HIGH,5.0,2018-09-24 18:30:54,False,,,
2019-07-01 00:00:00+00:00,AZBbMa61-vc9aDr8e5v2,True,HIGH,5.0,2019-06-25 23:25:51,False,,,
2019-07-01 00:00:00+00:00,AZUWL0Bc36iphIe0EWZU,True,INFO,2.0,2019-06-11 23:14:00,False,,,
2019-07-01 00:00:00+00:00,AZUWL0Bc36iphIe0EWZV,True,INFO,2.0,2019-06-11 23:14:00,False,,,
2019-08-01 00:00:00+00:00,AYegSdUWQrUJwQ4hS6na,True,INFO,0.0,2019-07-10 23:36:43,False,,,
2019-08-01 00:00:00+00:00,AZBbMa-O-vc9aDr8e5wJ,True,HIGH,5.0,2019-07-15 18:55:20,False,,,
2019-08-01 00:00:00+00:00,AZBbMa-O-vc9aDr8e5wK,True,HIGH,5.0,2019-07-15 18:55:20,False,,,
2019-08-01 00:00:00+00:00,AZUWLzxQ36iphIe0EWY7,True,INFO,2.0,2019-07-11 23:41:38,False,,,
2019-08-01 00:00:00+00:00,AZUWLzxQ36iphIe0EWY8,True,INFO,2.0,2019-07-11 23:41:38,False,,,
2019-09-01 00:00:00+00:00,AYegSeeYQrUJwQ4hS6nc,True,INFO,0.0,2019-08-23 16:59:17,False,,,
2019-09-01 00:00:00+00:00,AZBbMZuj-vc9aDr8e5tt,True,HIGH,5.0,2019-08-27 22:16:22,False,,,
2019-09-01 00:00:00+00:00,AZBbMaW1-vc9aDr8e5uv,True,LOW,2.0,2019-08-21 00:01:22,False,,,
2019-09-01 00:00:00+00:00,AZBbMbUh-vc9aDr8e5wp,True,HIGH,5.0,2019-08-20 21:47:47,False,,,
2019-09-01 00:00:00+00:00,AZBbMbXF-vc9aDr8e5w9,True,MEDIUM,5.0,2019-08-23 16:59:17,False,,,
2019-10-01 00:00:00+00:00,AZBbMY2i-vc9aDr8e5s4,True,HIGH,5.0,2019-09-17 17:07:47,False,,,
2019-10-01 00:00:00+00:00,AZBbMY2i-vc9aDr8e5s5,True,HIGH,5.0,2019-09-17 17:07:47,False,,,
2019-10-01 00:00:00+00:00,AZBbMZJD-vc9aDr8e5tP,True,HIGH,5.0,2018-08-10 06:26:25,False,,,
2019-10-01 00:00:00+00:00,AZUWLyCl36iphIe0EWXR,True,INFO,2.0,2019-09-17 17:07:47,False,,,
2019-10-01 00:00:00+00:00,AZUWLyCl36iphIe0EWXS,True,INFO,2.0,2019-09-17 17:07:47,False,,,
2019-11-01 00:00:00+00:00,AZBbMZJD-vc9aDr8e5tW,True,HIGH,5.0,2019-02-01 23:45:44,False,,,
2019-11-01 00:00:00+00:00,AZBbMbSb-vc9aDr8e5we,True,HIGH,5.0,2019-10-24 03:37:28,False,,,
2019-11-01 00:00:00+00:00,AZBbMbSb-vc9aDr8e5wf,True,MEDIUM,5.0,2019-10-24 03:37:28,False,,,
2019-11-01 00:00:00+00:00,AZUWL0X536iphIe0EWaA,True,INFO,2.0,2019-10-24 03:37:28,False,,,
2019-11-01 00:00:00+00:00,AZUWL0at36iphIe0EWaJ,True,INFO,2.0,2019-10-21 18:15:43,False,,,
2019-12-01 00:00:00+00:00,AZBbMZJD-vc9aDr8e5tR,True,HIGH,5.0,2019-01-30 23:22:00,False,,,
2019-12-01 00:00:00+00:00,AZBbMbV2-vc9aDr8e5w5,True,HIGH,5.0,2019-11-26 18:47:24,False,,,
2019-12-01 00:00:00+00:00,AZBbMbV2-vc9aDr8e5w6,True,MEDIUM,5.0,2019-11-26 18:47:24,False,,,
2019-12-01 00:00:00+00:00,AZUWL0bJ36iphIe0EWaM,True,INFO,2.0,2019-11-26 18:47:24,False,,,
2019-12-01 00:00:00+00:00,AZUWL0bJ36iphIe0EWaN,True,INFO,2.0,2019-11-26 18:47:24,False,,,
2020-01-01 00:00:00+00:00,AYegSdQoQrUJwQ4hS6nT,True,INFO,0.0,2019-12-26 19:19:39,False,,,
2020-01-01 00:00:00+00:00,AZBbMbPS-vc9aDr8e5wR,True,HIGH,5.0,2019-12-18 19:12:18,False,,,
2020-01-01 00:00:00+00:00,AZBbMbPS-vc9aDr8e5wS,True,HIGH,5.0,2019-12-18 19:12:18,False,,,
2020-01-01 00:00:00+00:00,AZOLYSVE2vcmJlCxpCen,True,HIGH,15.0,2019-12-06 23:17:11,False,,,
2020-01-01 00:00:00+00:00,AZfCaEtGkGiClkN7nmmJ,True,LOW,2.0,2019-12-20 17:25:16,False,,,
2020-02-01 00:00:00+00:00,AXAcs4emAvWtZrXILh87,True,LOW,5.0,2020-01-23 20:42:20,False,,,
2020-02-01 00:00:00+00:00,AZBbMa7_-vc9aDr8e5wB,True,HIGH,2.0,2017-06-28 16:52:27,False,,,
2020-02-01 00:00:00+00:00,AZBbMbVZ-vc9aDr8e5ww,True,HIGH,5.0,2020-01-23 06:10:36,False,,,
2020-02-01 00:00:00+00:00,AZBbMbVZ-vc9aDr8e5wy,True,HIGH,5.0,2020-01-23 06:10:36,False,,,
2020-02-01 00:00:00+00:00,AZOLYSVa2vcmJlCxpCer,True,LOW,2.0,2020-01-24 21:20:25,False,,,
2020-03-01 00:00:00+00:00,AYD3mR8BQQwKUSAfuvSK,True,LOW,5.0,2020-02-24 22:23:50,False,,,
2020-03-01 00:00:00+00:00,AYegSdQ-QrUJwQ4hS6nU,True,INFO,0.0,2020-02-13 18:22:50,False,,,
2020-03-01 00:00:00+00:00,AZBbMbXQ-vc9aDr8e5xA,True,HIGH,5.0,2018-09-24 18:30:54,False,,,
2020-03-01 00:00:00+00:00,AZFdurJCuttMHqCUPIl5,True,MEDIUM,5.0,2020-02-27 19:23:17,False,,,
2020-03-01 00:00:00+00:00,AZOLYSb02vcmJlCxpCew,True,LOW,2.0,2020-02-13 18:22:50,False,,,
2020-04-01 00:00:00+00:00,AXEZL-MhopDN7Jbw5eaU,True,LOW,2.0,2020-03-26 23:27:03,False,,,
2020-04-01 00:00:00+00:00,AXEZL-PYopDN7Jbw5eab,True,LOW,2.0,2020-03-26 23:27:03,False,,,
2020-04-01 00:00:00+00:00,AZBbMXef-vc9aDr8e5rc,True,LOW,2.0,2020-03-25 17:45:55,False,,,
2020-04-01 00:00:00+00:00,AZBbMXrM-vc9aDr8e5rw,True,LOW,2.0,2020-03-25 17:45:55,False,,,
2020-04-01 00:00:00+00:00,AZBbMZJD-vc9aDr8e5tP,True,HIGH,5.0,2018-08-10 06:26:25,False,,,
2020-05-01 00:00:00+00:00,AZBbMbPS-vc9aDr8e5wU,True,HIGH,5.0,2019-12-18 19:12:18,False,,,
2020-05-01 00:00:00+00:00,AZOLYRGK2vcmJlCxpCeL,True,LOW,2.0,2020-04-28 17:36:29,False,,,
2020-05-01 00:00:00+00:00,AZOLYTXf2vcmJlCxpCe2,True,LOW,2.0,2020-04-24 22:54:58,False,,,
2020-05-01 00:00:00+00:00,AZOLYTXf2vcmJlCxpCe3,True,LOW,2.0,2020-04-24 22:54:58,False,,,
2020-05-01 00:00:00+00:00,AZOLYTXf2vcmJlCxpCe4,True,LOW,2.0,2020-04-24 22:54:58,False,,,
2020-06-01 00:00:00+00:00,AZBbMYvr-vc9aDr8e5sh,True,HIGH,5.0,2020-05-12 21:26:35,False,,,
2020-06-01 00:00:00+00:00,AZBbMbPS-vc9aDr8e5wS,True,HIGH,5.0,2019-12-18 19:12:18,False,,,
2020-06-01 00:00:00+00:00,AZBbMbZ8-vc9aDr8e5xL,True,LOW,2.0,2020-05-28 23:41:30,False,,,
2020-06-01 00:00:00+00:00,AZUWLypl36iphIe0EWXr,True,INFO,2.0,2020-05-27 20:38:39,False,,,
2020-06-01 00:00:00+00:00,AZUWLypl36iphIe0EWXs,True,INFO,2.0,2020-05-27 20:38:39,False,,,
2020-07-01 00:00:00+00:00,AZBbMZJD-vc9aDr8e5tW,True,HIGH,5.0,2019-02-01 23:45:44,False,,,
2020-07-01 00:00:00+00:00,AZTxM3B1H5-zNsbPck5F,True,INFO,2.0,2020-06-23 17:46:03,False,,,
2020-07-01 00:00:00+00:00,AZTxM3B1H5-zNsbPck5H,True,INFO,2.0,2020-06-23 17:46:03,False,,,
2020-07-01 00:00:00+00:00,AZUWL1GO36iphIe0EWbN,True,INFO,2.0,2020-06-22 20:09:15,False,,,
2020-07-01 00:00:00+00:00,AZUWLyDm36iphIe0EWXT,True,INFO,2.0,2020-06-23 17:46:03,False,,,
2020-08-01 00:00:00+00:00,AXMmq9WhJBfjKjC4rb0N,True,LOW,2.0,2020-07-07 00:23:14,False,,,
2020-08-01 00:00:00+00:00,AXZoHv5Oaap2AIZWylQK,True,LOW,2.0,2020-07-07 00:23:14,False,,,
2020-08-01 00:00:00+00:00,AZBbMXbh-vc9aDr8e5rT,True,MEDIUM,5.0,2020-07-16 17:23:48,False,,,
2020-08-01 00:00:00+00:00,AZBbMbQx-vc9aDr8e5wb,True,HIGH,5.0,2020-03-02 21:05:54,False,,,
2020-08-01 00:00:00+00:00,AZUWLwxT36iphIe0EWVi,True,INFO,2.0,2020-07-16 17:23:48,False,,,
2020-09-01 00:00:00+00:00,AXQiYmJQ6iFP2T2WHQP1,True,LOW,5.0,2020-08-18 17:54:45,False,,,
2020-09-01 00:00:00+00:00,AXQiYmJQ6iFP2T2WHQP2,True,LOW,5.0,2020-08-18 17:54:45,False,,,
2020-09-01 00:00:00+00:00,AZBbMY5t-vc9aDr8e5tB,True,MEDIUM,5.0,2020-08-26 22:24:27,False,,,
2020-09-01 00:00:00+00:00,AZBbMbbZ-vc9aDr8e5xR,True,HIGH,5.0,2020-02-06 22:34:18,False,,,
2020-09-01 00:00:00+00:00,AZUWLyM336iphIe0EWXe,True,INFO,2.0,2020-08-26 22:24:27,False,,,
2020-10-01 00:00:00+00:00,AXTgAeFAlrCNccw21zVM,True,LOW,5.0,2020-09-30 17:09:20,False,,,
2020-10-01 00:00:00+00:00,AXTgAeVMlrCNccw21zVO,True,LOW,5.0,2020-09-30 17:09:20,False,,,
2020-10-01 00:00:00+00:00,AXTgAedSlrCNccw21zVP,True,LOW,5.0,2020-09-30 17:09:20,False,,,
2020-10-01 00:00:00+00:00,AXTgkz76XAp96TSnmR3O,True,LOW,5.0,2020-09-30 19:48:12,False,,,
2020-10-01 00:00:00+00:00,AZBbMbUh-vc9aDr8e5wo,True,HIGH,5.0,2019-08-20 21:47:47,False,,,
2020-11-01 00:00:00+00:00,AZBbMY1f-vc9aDr8e5s2,True,LOW,2.0,2020-10-30 21:49:10,False,,,
2020-11-01 00:00:00+00:00,AZBbMY7b-vc9aDr8e5tH,True,HIGH,5.0,2020-10-30 21:49:10,False,,,
2020-11-01 00:00:00+00:00,AZBbMY7b-vc9aDr8e5tI,True,HIGH,5.0,2020-10-30 21:49:10,False,,,
2020-11-01 00:00:00+00:00,AZBbMZJD-vc9aDr8e5tX,True,HIGH,5.0,2019-02-01 23:45:44,False,,,
2020-11-01 00:00:00+00:00,AZUWLw5a36iphIe0EWV_,True,INFO,2.0,2020-10-30 19:13:31,False,,,
2020-12-01 00:00:00+00:00,AZBbMXOE-vc9aDr8e5rG,True,HIGH,2.0,2018-10-25 19:59:50,False,,,
2020-12-01 00:00:00+00:00,AZBbMXa3-vc9aDr8e5rR,True,LOW,2.0,2020-11-03 19:28:57,False,,,
2020-12-01 00:00:00+00:00,AZBbMXa3-vc9aDr8e5rS,True,LOW,2.0,2020-11-03 19:28:57,False,,,
2020-12-01 00:00:00+00:00,AZBbMbTW-vc9aDr8e5wg,True,HIGH,5.0,2020-11-11 17:34:15,False,,,
2020-12-01 00:00:00+00:00,AZBbMbTW-vc9aDr8e5wh,True,HIGH,5.0,2020-11-11 17:34:15,False,,,
2021-01-01 00:00:00+00:00,AZBbMaml-vc9aDr8e5u4,True,HIGH,5.0,2020-12-30 20:14:13,False,,,
2021-01-01 00:00:00+00:00,AZBbMaml-vc9aDr8e5u5,True,HIGH,5.0,2020-12-30 20:14:13,False,,,
2021-01-01 00:00:00+00:00,AZBbMaml-vc9aDr8e5u6,True,HIGH,5.0,2020-12-30 20:14:13,False,,,
2021-01-01 00:00:00+00:00,AZBbMaml-vc9aDr8e5u7,True,HIGH,5.0,2020-12-30 20:14:13,False,,,
2021-01-01 00:00:00+00:00,AZBbMaml-vc9aDr8e5u8,True,LOW,2.0,2020-12-30 20:14:13,False,,,
2021-02-01 00:00:00+00:00,AZBbMXOE-vc9aDr8e5rH,True,HIGH,2.0,2020-12-17 19:15:36,False,,,
2021-02-01 00:00:00+00:00,AZBbMZPo-vc9aDr8e5ti,True,MEDIUM,5.0,2021-01-06 18:31:40,False,,,
2021-02-01 00:00:00+00:00,AZUWLyf936iphIe0EWXn,True,INFO,2.0,2021-01-06 18:31:40,False,,,
2021-02-01 00:00:00+00:00,AZUWLyfr36iphIe0EWXm,True,INFO,2.0,2021-01-06 18:31:40,False,,,
2021-02-01 00:00:00+00:00,AZUWLygN36iphIe0EWXo,True,INFO,2.0,2021-01-06 18:31:40,False,,,
2021-03-01 00:00:00+00:00,AZBbMZPo-vc9aDr8e5ti,True,MEDIUM,5.0,2021-01-06 18:31:40,False,,,
2021-03-01 00:00:00+00:00,AZBbMbPS-vc9aDr8e5wW,True,HIGH,5.0,2019-12-18 19:12:18,False,,,
2021-03-01 00:00:00+00:00,AZUWLyf936iphIe0EWXn,True,INFO,2.0,2021-01-06 18:31:40,False,,,
2021-03-01 00:00:00+00:00,AZUWLyfr36iphIe0EWXm,True,INFO,2.0,2021-01-06 18:31:40,False,,,
2021-03-01 00:00:00+00:00,AZUWLygN36iphIe0EWXo,True,INFO,2.0,2021-01-06 18:31:40,False,,,
2021-04-01 00:00:00+00:00,AZBbMZPo-vc9aDr8e5ti,True,MEDIUM,5.0,2021-01-06 18:31:40,False,,,
2021-04-01 00:00:00+00:00,AZBbMbaI-vc9aDr8e5xN,True,HIGH,5.0,2019-03-26 21:51:29,False,,,
2021-04-01 00:00:00+00:00,AZUWLwwS36iphIe0EWVg,True,INFO,2.0,2021-03-18 16:28:27,False,,,
2021-04-01 00:00:00+00:00,AZUWLyf936iphIe0EWXn,True,INFO,2.0,2021-01-06 18:31:40,False,,,
2021-04-01 00:00:00+00:00,AZUWLyfr36iphIe0EWXm,True,INFO,2.0,2021-01-06 18:31:40,False,,,
2021-05-01 00:00:00+00:00,AYD3mRodQQwKUSAfuvSG,True,LOW,5.0,2021-04-21 20:14:50,False,,,
2021-05-01 00:00:00+00:00,AYD3mRodQQwKUSAfuvSH,True,LOW,5.0,2021-04-21 20:14:50,False,,,
2021-05-01 00:00:00+00:00,AZBbMbVZ-vc9aDr8e5w0,True,HIGH,5.0,2020-01-23 06:10:36,False,,,
2021-05-01 00:00:00+00:00,AZOLYPDQ2vcmJlCxpCdC,True,LOW,2.0,2021-04-14 02:11:34,False,,,
2021-05-01 00:00:00+00:00,AZOLYRG32vcmJlCxpCeM,True,LOW,2.0,2021-04-09 15:43:16,False,,,
2021-06-01 00:00:00+00:00,AYD3mRodQQwKUSAfuvSG,True,LOW,5.0,2021-04-21 20:14:50,False,,,
2021-06-01 00:00:00+00:00,AYD3mRodQQwKUSAfuvSH,True,LOW,5.0,2021-04-21 20:14:50,False,,,
2021-06-01 00:00:00+00:00,AZBbMYxq-vc9aDr8e5sm,True,HIGH,5.0,2018-09-24 18:30:54,False,,,
2021-06-01 00:00:00+00:00,AZOLYPDQ2vcmJlCxpCdC,True,LOW,2.0,2021-04-14 02:11:34,False,,,
2021-06-01 00:00:00+00:00,AZOLYRG32vcmJlCxpCeM,True,LOW,2.0,2021-04-09 15:43:16,False,,,
2021-07-01 00:00:00+00:00,AXnyP2SXYuM6EcYXJkka,True,LOW,5.0,2021-06-09 19:21:07,False,,,
2021-07-01 00:00:00+00:00,AYD3mRodQQwKUSAfuvSG,True,LOW,5.0,2021-04-21 20:14:50,False,,,
2021-07-01 00:00:00+00:00,AZBbMZJD-vc9aDr8e5ta,True,HIGH,5.0,2018-08-10 06:26:25,False,,,
2021-07-01 00:00:00+00:00,AZBbMa8L-vc9aDr8e5wD,True,HIGH,2.0,2021-06-09 21:28:51,False,,,
2021-07-01 00:00:00+00:00,AZBbMa8L-vc9aDr8e5wE,True,HIGH,2.0,2021-06-09 21:28:51,False,,,
2021-08-01 00:00:00+00:00,AXqxDVeFu9ZkpM94-jh3,True,LOW,2.0,2021-07-15 20:17:43,False,,,
2021-08-01 00:00:00+00:00,AYegSb70QrUJwQ4hS6nE,True,INFO,0.0,2021-07-16 20:03:19,False,,,
2021-08-01 00:00:00+00:00,AZBbMYM--vc9aDr8e5sE,True,LOW,2.0,2021-07-16 17:44:17,False,,,
2021-08-01 00:00:00+00:00,AZBbMbPS-vc9aDr8e5wT,True,HIGH,5.0,2019-12-18 19:12:18,False,,,
2021-08-01 00:00:00+00:00,AZOLYPDn2vcmJlCxpCdD,True,LOW,2.0,2021-07-01 00:15:56,False,,,
2021-09-01 00:00:00+00:00,AXtb6LNMEsuhfa-_Ra3q,True,LOW,2.0,2021-08-19 00:49:02,False,,,
2021-09-01 00:00:00+00:00,AXtb6LNMEsuhfa-_Ra3r,True,LOW,2.0,2021-08-19 00:49:02,False,,,
2021-09-01 00:00:00+00:00,AZBbMYvK-vc9aDr8e5sd,True,HIGH,5.0,2021-08-13 18:30:51,False,,,
2021-09-01 00:00:00+00:00,AZBbMYvK-vc9aDr8e5se,True,HIGH,5.0,2021-08-13 18:30:51,False,,,
2021-09-01 00:00:00+00:00,AZBbMbVZ-vc9aDr8e5wy,True,HIGH,5.0,2020-01-23 06:10:36,False,,,
2021-10-01 00:00:00+00:00,AXvBiFcHvtEKb2S1GgJA,True,LOW,1.0,2021-09-07 18:24:45,False,,,
2021-10-01 00:00:00+00:00,AZBbMbZQ-vc9aDr8e5xF,True,HIGH,5.0,2017-06-28 16:52:27,False,,,
2021-10-01 00:00:00+00:00,AZIFH-buVWiQvDVu_HRH,True,LOW,15.0,2021-09-07 17:47:00,False,,,
2021-10-01 00:00:00+00:00,AZUWLxCf36iphIe0EWWQ,True,INFO,2.0,2021-09-10 23:56:47,False,,,
2021-10-01 00:00:00+00:00,AZUWLxCf36iphIe0EWWR,True,INFO,2.0,2021-09-10 23:56:47,False,,,
2021-11-01 00:00:00+00:00,AZBbMaQc-vc9aDr8e5ui,True,HIGH,5.0,2021-10-27 06:10:39,False,,,
2021-11-01 00:00:00+00:00,AZBbMaQn-vc9aDr8e5uj,True,HIGH,5.0,2021-10-27 06:10:39,False,,,
2021-11-01 00:00:00+00:00,AZBbMbPS-vc9aDr8e5wU,True,HIGH,5.0,2019-12-18 19:12:18,False,,,
2021-11-01 00:00:00+00:00,AZCZ4nKO51sfoL4w8vaM,True,LOW,1.0,2021-10-27 06:10:39,False,,,
2021-11-01 00:00:00+00:00,AZCZ4nKO51sfoL4w8vaN,True,MEDIUM,5.0,2021-10-27 06:10:39,False,,,
2021-12-01 00:00:00+00:00,AZBbMa8L-vc9aDr8e5wE,True,HIGH,2.0,2021-06-09 21:28:51,False,,,
2021-12-01 00:00:00+00:00,AZUWL0ce36iphIe0EWaS,True,INFO,2.0,2021-11-12 19:38:10,False,,,
2021-12-01 00:00:00+00:00,AZUWL0ce36iphIe0EWaT,True,INFO,2.0,2021-11-12 19:38:10,False,,,
2021-12-01 00:00:00+00:00,AZUWL0kh36iphIe0EWas,True,INFO,2.0,2021-11-12 19:38:10,False,,,
2021-12-01 00:00:00+00:00,AZUWL0kh36iphIe0EWat,True,INFO,2.0,2021-11-12 19:38:10,False,,,
2022-01-01 00:00:00+00:00,AX3KRaLwJwGfmv2WI23H,True,LOW,20.0,2021-12-17 21:12:55,False,,,
2022-01-01 00:00:00+00:00,AZBbMY1f-vc9aDr8e5s0,True,HIGH,5.0,2020-01-10 23:51:46,False,,,
2022-01-01 00:00:00+00:00,AZBbMas8-vc9aDr8e5vb,True,LOW,10.0,2021-12-17 20:32:03,False,,,
2022-01-01 00:00:00+00:00,AZUWL0do36iphIe0EWaV,True,INFO,2.0,2021-12-22 22:40:42,False,,,
2022-01-01 00:00:00+00:00,AZUWLxbX36iphIe0EWWo,True,INFO,2.0,2021-12-17 20:32:03,False,,,
2022-02-01 00:00:00+00:00,AZBbMXOE-vc9aDr8e5rG,True,HIGH,2.0,2018-10-25 19:59:50,False,,,
2022-02-01 00:00:00+00:00,AZBbMbU8-vc9aDr8e5wr,True,MEDIUM,5.0,2022-01-21 21:16:43,False,,,
2022-02-01 00:00:00+00:00,AZUWL0aa36iphIe0EWaI,True,INFO,2.0,2022-01-21 21:16:43,False,,,
2022-02-01 00:00:00+00:00,AZUWLw1436iphIe0EWV2,True,INFO,2.0,2022-01-26 02:03:01,False,,,
2022-02-01 00:00:00+00:00,AZUWLyAl36iphIe0EWXQ,True,INFO,2.0,2022-01-29 01:46:54,False,,,
2022-03-01 00:00:00+00:00,AZBbMYyX-vc9aDr8e5sq,True,HIGH,5.0,2022-02-23 00:13:37,False,,,
2022-03-01 00:00:00+00:00,AZBbMYyX-vc9aDr8e5sr,True,HIGH,5.0,2022-02-23 00:13:37,False,,,
2022-03-01 00:00:00+00:00,AZBbMbeb-vc9aDr8e5xd,True,HIGH,5.0,2020-04-16 22:29:27,False,,,
2022-03-01 00:00:00+00:00,AZUWLw7I36iphIe0EWWF,True,INFO,2.0,2022-02-24 18:54:49,False,,,
2022-03-01 00:00:00+00:00,AZUWLyEq36iphIe0EWXV,True,INFO,2.0,2022-02-22 23:04:11,False,,,
2022-04-01 00:00:00+00:00,AZBbMbPq-vc9aDr8e5wX,True,HIGH,5.0,2020-03-05 19:17:46,False,,,
2022-04-01 00:00:00+00:00,AZUWL0hZ36iphIe0EWad,True,INFO,2.0,2022-03-31 15:46:43,False,,,
2022-04-01 00:00:00+00:00,AZUWL0hZ36iphIe0EWae,True,INFO,2.0,2022-03-31 15:46:43,False,,,
2022-04-01 00:00:00+00:00,AZUWL0hZ36iphIe0EWaf,True,INFO,2.0,2022-03-31 15:46:43,False,,,
2022-04-01 00:00:00+00:00,AZUWLxjc36iphIe0EWW6,True,INFO,2.0,2022-03-28 21:21:59,False,,,
2022-05-01 00:00:00+00:00,AY942h0_0sfxtjWlx4L2,True,LOW,2.0,2022-04-27 00:30:41,False,,,
2022-05-01 00:00:00+00:00,AZBbMa7_-vc9aDr8e5wC,True,HIGH,2.0,2017-06-28 16:52:27,False,,,
2022-05-01 00:00:00+00:00,AZBbMacC-vc9aDr8e5uy,True,MEDIUM,5.0,2022-04-27 00:30:41,False,,,
2022-05-01 00:00:00+00:00,AZUWLyAP36iphIe0EWXO,True,INFO,2.0,2022-04-27 00:30:41,False,,,
2022-05-01 00:00:00+00:00,AZUWLyAP36iphIe0EWXP,True,INFO,2.0,2022-04-27 00:30:41,False,,,
2022-06-01 00:00:00+00:00,AZBbMZJD-vc9aDr8e5tY,True,HIGH,5.0,2018-07-13 19:16:57,False,,,
2022-06-01 00:00:00+00:00,AZBbMaWp-vc9aDr8e5ut,True,HIGH,5.0,2022-05-18 17:52:19,False,,,
2022-06-01 00:00:00+00:00,AZBbMaWp-vc9aDr8e5uu,True,HIGH,5.0,2022-05-18 17:52:19,False,,,
2022-06-01 00:00:00+00:00,AZCZ4nUD51sfoL4w8vaP,True,MEDIUM,2.0,2022-05-18 17:52:19,False,,,
2022-06-01 00:00:00+00:00,AZUWLzoQ36iphIe0EWYv,True,INFO,2.0,2022-05-17 16:39:56,False,,,
2022-07-01 00:00:00+00:00,AYGoqVNLVRfTUi-N5BUF,True,LOW,2.0,2022-06-28 04:45:52,False,,,
2022-07-01 00:00:00+00:00,AZBbMXic-vc9aDr8e5rh,True,HIGH,5.0,2022-01-05 00:50:47,False,,,
2022-07-01 00:00:00+00:00,AZBbMXpW-vc9aDr8e5rr,True,LOW,2.0,2022-06-10 17:04:35,False,,,
2022-07-01 00:00:00+00:00,AZUWLxAo36iphIe0EWWL,True,INFO,2.0,2022-06-10 17:04:35,False,,,
2022-07-01 00:00:00+00:00,AZUWLxAo36iphIe0EWWM,True,INFO,2.0,2022-06-10 17:04:35,False,,,
2022-08-01 00:00:00+00:00,AZBbMaEC-vc9aDr8e5uI,True,LOW,2.0,2022-07-15 16:12:16,False,,,
2022-08-01 00:00:00+00:00,AZBbMaEC-vc9aDr8e5uK,True,LOW,2.0,2022-07-15 16:12:16,False,,,
2022-08-01 00:00:00+00:00,AZBbMaEC-vc9aDr8e5uL,True,LOW,2.0,2022-07-15 16:12:16,False,,,
2022-08-01 00:00:00+00:00,AZBbMbPS-vc9aDr8e5wR,True,HIGH,5.0,2019-12-18 19:12:18,False,,,
2022-08-01 00:00:00+00:00,AZIlQd1EnMroJnOziKUT,True,LOW,15.0,2022-07-29 23:38:34,False,,,
2022-09-01 00:00:00+00:00,AZBbMaEC-vc9aDr8e5uI,True,LOW,2.0,2022-07-15 16:12:16,False,,,
2022-09-01 00:00:00+00:00,AZBbMaEC-vc9aDr8e5uK,True,LOW,2.0,2022-07-15 16:12:16,False,,,
2022-09-01 00:00:00+00:00,AZBbMaEC-vc9aDr8e5uL,True,LOW,2.0,2022-07-15 16:12:16,False,,,
2022-09-01 00:00:00+00:00,AZBbMbZQ-vc9aDr8e5xJ,True,HIGH,5.0,2017-06-28 16:52:27,False,,,
2022-09-01 00:00:00+00:00,AZIlQd1EnMroJnOziKUT,True,LOW,15.0,2022-07-29 23:38:34,False,,,
2022-10-01 00:00:00+00:00,AYMZjA7XFLjHBrxPNTM_,True,LOW,2.0,2022-09-07 19:54:19,False,,,
2022-10-01 00:00:00+00:00,AYMZjA7XFLjHBrxPNTNB,True,LOW,5.0,2022-09-07 19:54:19,False,,,
2022-10-01 00:00:00+00:00,AYMZjA8YFLjHBrxPNTNI,True,LOW,2.0,2022-09-07 19:54:19,False,,,
2022-10-01 00:00:00+00:00,AZBbMaQc-vc9aDr8e5ui,True,HIGH,5.0,2021-10-27 06:10:39,False,,,
2022-10-01 00:00:00+00:00,AZonnnyFWBrdVJ9mm2Wp,True,LOW,1.0,2022-09-15 22:40:12,False,,,
2022-11-01 00:00:00+00:00,AYP3EzyX4vvps4gWeGk2,True,LOW,2.0,2022-10-20 20:16:33,False,,,
2022-11-01 00:00:00+00:00,AZBbMZqi-vc9aDr8e5tm,True,MEDIUM,5.0,2022-10-26 16:53:43,False,,,
2022-11-01 00:00:00+00:00,AZBbMZri-vc9aDr8e5to,True,HIGH,5.0,2022-10-21 19:16:53,False,,,
2022-11-01 00:00:00+00:00,AZBbMZri-vc9aDr8e5tp,True,HIGH,5.0,2022-10-21 19:16:53,False,,,
2022-11-01 00:00:00+00:00,AZBbMa7_-vc9aDr8e5wC,True,HIGH,2.0,2017-06-28 16:52:27,False,,,
2022-12-01 00:00:00+00:00,AZBbMXOE-vc9aDr8e5rG,True,HIGH,2.0,2018-10-25 19:59:50,False,,,
2022-12-01 00:00:00+00:00,AZUWLx_r36iphIe0EWXL,True,INFO,2.0,2022-11-23 21:43:42,False,,,
2022-12-01 00:00:00+00:00,AZUWLy8t36iphIe0EWYC,True,INFO,2.0,2022-11-30 22:47:05,False,,,
2022-12-01 00:00:00+00:00,AZUWLy9e36iphIe0EWYD,True,INFO,2.0,2022-11-23 21:43:42,False,,,
2022-12-01 00:00:00+00:00,AZUWLz3S36iphIe0EWZL,True,INFO,2.0,2022-11-23 21:43:42,False,,,
2023-01-01 00:00:00+00:00,AZBbMbTW-vc9aDr8e5wh,True,HIGH,5.0,2020-11-11 17:34:15,False,,,
2023-01-01 00:00:00+00:00,AZUWLzkI36iphIe0EWYT,True,INFO,2.0,2022-12-14 19:49:59,False,,,
2023-01-01 00:00:00+00:00,AZUWLzmc36iphIe0EWYq,True,INFO,2.0,2022-12-14 19:49:59,False,,,
2023-01-01 00:00:00+00:00,AZUWLzmc36iphIe0EWYr,True,INFO,2.0,2022-12-14 19:49:59,False,,,
2023-01-01 00:00:00+00:00,AZUWLzyX36iphIe0EWY-,True,INFO,2.0,2022-12-16 21:30:53,False,,,
2023-02-01 00:00:00+00:00,AZBbMYzm-vc9aDr8e5sv,True,HIGH,2.0,2017-06-28 16:52:27,False,,,
2023-02-01 00:00:00+00:00,AZUWL0kZ36iphIe0EWaq,True,INFO,2.0,2023-01-25 22:06:55,False,,,
2023-02-01 00:00:00+00:00,AZX5OMql-RKOXIq8Jy2W,True,LOW,1.0,2023-01-25 22:06:55,False,,,
2023-02-01 00:00:00+00:00,AZX5OMql-RKOXIq8Jy2X,True,LOW,1.0,2023-01-25 22:06:55,False,,,
2023-02-01 00:00:00+00:00,AZX5OMrW-RKOXIq8Jy2Z,True,LOW,1.0,2023-01-25 22:06:55,False,,,
2023-03-01 00:00:00+00:00,AZBbMYM--vc9aDr8e5sF,True,LOW,2.0,2023-02-06 19:39:04,False,,,
2023-03-01 00:00:00+00:00,AZBbMYM--vc9aDr8e5sG,True,LOW,2.0,2023-02-06 19:39:04,False,,,
2023-03-01 00:00:00+00:00,AZBbMZrK-vc9aDr8e5tn,True,HIGH,5.0,2023-02-24 23:13:06,False,,,
2023-03-01 00:00:00+00:00,AZBbMbZQ-vc9aDr8e5xG,True,HIGH,5.0,2017-06-28 16:52:27,False,,,
2023-03-01 00:00:00+00:00,AZUWLxhB36iphIe0EWWu,True,INFO,2.0,2023-02-06 19:39:04,False,,,
2023-04-01 00:00:00+00:00,AZBbMbOh-vc9aDr8e5wP,True,HIGH,5.0,2020-02-11 21:06:18,False,,,
2023-04-01 00:00:00+00:00,AZBbMbTW-vc9aDr8e5wi,True,HIGH,5.0,2023-03-24 00:20:45,False,,,
2023-04-01 00:00:00+00:00,AZBbMbTW-vc9aDr8e5wm,True,MEDIUM,5.0,2023-03-24 00:20:45,False,,,
2023-04-01 00:00:00+00:00,AZUWL0nm36iphIe0EWa_,True,INFO,2.0,2023-03-24 16:49:07,False,,,
2023-04-01 00:00:00+00:00,AZUWL0nm36iphIe0EWbA,True,INFO,2.0,2023-03-24 16:49:07,False,,,
2023-05-01 00:00:00+00:00,AZBbMa70-vc9aDr8e5v-,True,HIGH,2.0,2017-06-28 16:52:27,False,,,
2023-05-01 00:00:00+00:00,AZOLYOD42vcmJlCxpCcR,True,LOW,2.0,2023-04-06 20:45:23,False,,,
2023-05-01 00:00:00+00:00,AZOLYOD42vcmJlCxpCcS,True,LOW,2.0,2023-04-06 20:45:23,False,,,
2023-05-01 00:00:00+00:00,AZOLYOHo2vcmJlCxpCcT,True,LOW,2.0,2023-04-20 18:18:48,False,,,
2023-05-01 00:00:00+00:00,AZOLYOHo2vcmJlCxpCcU,True,LOW,2.0,2023-04-20 18:18:48,False,,,
2023-06-01 00:00:00+00:00,AYihf5QU7WR0QPwm8nWJ,True,LOW,5.0,2023-05-31 19:00:36,False,,,
2023-06-01 00:00:00+00:00,AYihf5QV7WR0QPwm8nWK,True,LOW,5.0,2023-05-31 19:00:36,False,,,
2023-06-01 00:00:00+00:00,AZBbMa5B-vc9aDr8e5vw,True,HIGH,5.0,2017-08-04 23:21:30,False,,,
2023-06-01 00:00:00+00:00,AZBbMaaQ-vc9aDr8e5uw,True,MEDIUM,5.0,2023-05-18 00:57:19,False,,,
2023-06-01 00:00:00+00:00,AZUWLzjB36iphIe0EWYJ,True,INFO,2.0,2023-05-18 00:57:19,False,,,
2023-07-01 00:00:00+00:00,AYihf5O47WR0QPwm8nWG,True,LOW,5.0,2023-06-09 18:38:40,False,,,
2023-07-01 00:00:00+00:00,AZBbMY0b-vc9aDr8e5sw,True,HIGH,2.0,2023-06-09 18:55:00,False,,,
2023-07-01 00:00:00+00:00,AZBbMbke-vc9aDr8e5xk,True,HIGH,5.0,2019-02-28 00:21:53,False,,,
2023-07-01 00:00:00+00:00,AZUWLz1736iphIe0EWZJ,True,INFO,2.0,2023-06-27 18:12:37,False,,,
2023-07-01 00:00:00+00:00,AZUWLz1736iphIe0EWZK,True,INFO,2.0,2023-06-27 18:12:37,False,,,
2023-08-01 00:00:00+00:00,AYlqrvSGlvjU9ALKnAyd,True,LOW,2.0,2023-07-18 20:14:39,False,,,
2023-08-01 00:00:00+00:00,AYlqrvg4lvjU9ALKnAyj,True,LOW,2.0,2023-07-18 20:14:39,False,,,
2023-08-01 00:00:00+00:00,AYlqrvhvlvjU9ALKnAyk,True,LOW,2.0,2023-07-18 20:14:39,False,,,
2023-08-01 00:00:00+00:00,AYlqrviOlvjU9ALKnAyl,True,LOW,2.0,2023-07-18 20:14:39,False,,,
2023-08-01 00:00:00+00:00,AZBbMXOE-vc9aDr8e5rE,True,HIGH,2.0,2017-06-28 16:52:27,False,,,
2023-09-01 00:00:00+00:00,AYpn96jm3aR0CCY4nhTL,True,LOW,1.0,2023-08-30 20:38:27,False,,,
2023-09-01 00:00:00+00:00,AZBbMZB6-vc9aDr8e5tK,True,HIGH,5.0,2023-08-28 22:57:33,False,,,
2023-09-01 00:00:00+00:00,AZBbMa7_-vc9aDr8e5wB,True,HIGH,2.0,2017-06-28 16:52:27,False,,,
2023-09-01 00:00:00+00:00,AZOLYPNY2vcmJlCxpCdZ,True,LOW,2.0,2023-08-28 22:57:33,False,,,
2023-09-01 00:00:00+00:00,AZUWLyTA36iphIe0EWXf,True,INFO,2.0,2023-08-29 15:46:20,False,,,
2023-10-01 00:00:00+00:00,AYslYt9J29pDcg_Re1qP,True,LOW,5.0,2023-09-29 18:41:58,False,,,
2023-10-01 00:00:00+00:00,AYslYt9b29pDcg_Re1qQ,True,LOW,5.0,2023-09-29 18:41:58,False,,,
2023-10-01 00:00:00+00:00,AYslYvLj29pDcg_Re1uT,True,LOW,5.0,2023-09-29 18:41:58,False,,,
2023-10-01 00:00:00+00:00,AZBbMXic-vc9aDr8e5ri,True,HIGH,5.0,2022-01-05 00:50:47,False,,,
2023-10-01 00:00:00+00:00,AZn0Nmr_QS-CEYFeVlPa,True,LOW,2.0,2023-09-29 00:45:57,False,,,
2023-11-01 00:00:00+00:00,AZBbMZJ6-vc9aDr8e5te,True,LOW,2.0,2023-10-25 20:57:42,False,,,
2023-11-01 00:00:00+00:00,AZBbMa7R-vc9aDr8e5v3,True,LOW,2.0,2023-10-13 20:42:01,False,,,
2023-11-01 00:00:00+00:00,AZBbMa7R-vc9aDr8e5v4,True,LOW,2.0,2023-10-13 20:42:01,False,,,
2023-11-01 00:00:00+00:00,AZBbMbPq-vc9aDr8e5wX,True,HIGH,5.0,2020-03-05 19:17:46,False,,,
2023-11-01 00:00:00+00:00,AZUWLyD836iphIe0EWXU,True,INFO,2.0,2023-10-23 23:19:43,False,,,
2023-12-01 00:00:00+00:00,AYwX9i7Jq77eoonS7EF0,True,LOW,2.0,2023-11-28 21:50:22,False,,,
2023-12-01 00:00:00+00:00,AYwX9i7Jq77eoonS7EFz,True,LOW,2.0,2023-11-28 21:50:22,False,,,
2023-12-01 00:00:00+00:00,AYwZp1RyZ9Qcp-nNpbm6,True,INFO,0.0,2023-11-29 05:43:23,False,,,
2023-12-01 00:00:00+00:00,AYwZp1RyZ9Qcp-nNpbm7,True,INFO,0.0,2023-11-29 05:43:23,False,,,
2023-12-01 00:00:00+00:00,AZBbMbPS-vc9aDr8e5wV,True,HIGH,5.0,2019-12-18 19:12:18,False,,,
2024-01-01 00:00:00+00:00,AZBbMZJD-vc9aDr8e5tY,True,HIGH,5.0,2018-07-13 19:16:57,False,,,
2024-01-01 00:00:00+00:00,AZBbMbfD-vc9aDr8e5xe,True,HIGH,5.0,2023-12-15 18:44:51,False,,,
2024-01-01 00:00:00+00:00,AZBbMbfD-vc9aDr8e5xf,True,HIGH,5.0,2023-12-15 18:44:51,False,,,
2024-01-01 00:00:00+00:00,AZUWLwpy36iphIe0EWVP,True,INFO,2.0,2023-12-22 00:47:46,False,,,
2024-01-01 00:00:00+00:00,AZX5OMr3-RKOXIq8Jy2b,True,LOW,1.0,2023-12-15 18:44:51,False,,,
2024-02-01 00:00:00+00:00,AZBbMYPE-vc9aDr8e5sI,True,HIGH,5.0,2018-10-26 04:15:21,False,,,
2024-02-01 00:00:00+00:00,AZBbMbdh-vc9aDr8e5xV,True,HIGH,5.0,2024-01-18 19:22:28,False,,,
2024-02-01 00:00:00+00:00,AZBbMbdh-vc9aDr8e5xW,True,HIGH,5.0,2024-01-18 19:22:28,False,,,
2024-02-01 00:00:00+00:00,AZBbMbdh-vc9aDr8e5xX,True,HIGH,5.0,2024-01-18 19:22:28,False,,,
2024-02-01 00:00:00+00:00,AZBbMbdh-vc9aDr8e5xY,True,HIGH,5.0,2024-01-18 19:22:28,False,,,
2024-03-01 00:00:00+00:00,AY3znIGEczU1FGIsu8jU,True,LOW,2.0,2024-02-29 06:32:39,False,,,
2024-03-01 00:00:00+00:00,AZBbMa7_-vc9aDr8e5wB,True,HIGH,2.0,2017-06-28 16:52:27,False,,,
2024-03-01 00:00:00+00:00,AZBbMbXn-vc9aDr8e5xD,True,LOW,10.0,2024-02-29 06:32:39,False,,,
2024-03-01 00:00:00+00:00,AZonbaDgt_5D6BuRcb17,True,LOW,1.0,2024-02-29 16:49:56,False,,,
2024-03-01 00:00:00+00:00,AZonbaDgt_5D6BuRcb18,True,LOW,1.0,2024-02-29 16:49:56,False,,,
2024-04-01 00:00:00+00:00,AY6BPyQIOyEI43SmLIz3,True,LOW,2.0,2024-03-27 17:28:43,False,,,
2024-04-01 00:00:00+00:00,AY6BPyQIOyEI43SmLIz4,True,LOW,2.0,2024-03-27 17:28:43,False,,,
2024-04-01 00:00:00+00:00,AY6BPyQIOyEI43SmLIz5,True,LOW,2.0,2024-03-27 17:28:43,False,,,
2024-04-01 00:00:00+00:00,AZOLYRm_2vcmJlCxpCeW,True,HIGH,15.0,2022-12-02 00:17:13,False,,,
2024-04-01 00:00:00+00:00,AZUWL0h636iphIe0EWak,True,INFO,2.0,2024-03-25 22:30:19,False,,,
2024-05-01 00:00:00+00:00,AZBbMXlZ-vc9aDr8e5rp,True,LOW,2.0,2024-04-30 15:09:53,False,,,
2024-05-01 00:00:00+00:00,AZBbMYvr-vc9aDr8e5sh,True,HIGH,5.0,2020-05-12 21:26:35,False,,,
2024-05-01 00:00:00+00:00,AZUWLw8d36iphIe0EWWG,True,INFO,2.0,2024-04-30 15:09:53,False,,,
2024-05-01 00:00:00+00:00,AZX5OMpm-RKOXIq8Jy2U,True,LOW,1.0,2024-04-24 23:43:15,False,,,
2024-05-01 00:00:00+00:00,AZX5OMpm-RKOXIq8Jy2V,True,LOW,1.0,2024-04-24 23:43:15,False,,,
2024-06-01 00:00:00+00:00,AZBbMY46-vc9aDr8e5s-,True,HIGH,2.0,2024-05-15 02:56:34,False,,,
2024-06-01 00:00:00+00:00,AZBbMY46-vc9aDr8e5s9,True,HIGH,2.0,2024-05-15 02:56:34,False,,,
2024-06-01 00:00:00+00:00,AZBbMY46-vc9aDr8e5s_,True,MEDIUM,5.0,2024-05-15 02:56:34,False,,,
2024-06-01 00:00:00+00:00,AZBbMY46-vc9aDr8e5tA,True,MEDIUM,5.0,2024-05-15 02:56:34,False,,,
2024-06-01 00:00:00+00:00,AZBbMYue-vc9aDr8e5sV,True,HIGH,2.0,2023-08-16 18:37:06,False,,,
2024-07-01 00:00:00+00:00,AZBbMZJD-vc9aDr8e5tT,True,HIGH,5.0,2019-02-01 23:45:44,False,,,
2024-07-01 00:00:00+00:00,AZBrCp--F4a4jrrD8pYK,True,LOW,2.0,2024-06-30 21:13:47,False,,,
2024-07-01 00:00:00+00:00,AZBrCp--F4a4jrrD8pYL,True,LOW,10.0,2024-06-30 21:13:47,False,,,
2024-07-01 00:00:00+00:00,AZBrCp--F4a4jrrD8pYM,True,LOW,10.0,2024-06-30 21:13:47,False,,,
2024-07-01 00:00:00+00:00,AZBrCp--F4a4jrrD8pYN,True,LOW,15.0,2024-06-30 21:13:47,False,,,
2024-08-01 00:00:00+00:00,AZC-NGEMGBt7I-s3fgd4,True,BLOCKER,15.0,2024-07-17 00:47:43,False,,,
2024-08-01 00:00:00+00:00,AZELUfFefRjEaTDGAY0l,True,LOW,1.0,2024-07-30 22:48:25,False,,,
2024-08-01 00:00:00+00:00,AZELUfFefRjEaTDGAY0m,True,LOW,1.0,2024-07-30 22:48:25,False,,,
2024-08-01 00:00:00+00:00,AZEQl8VtqRxYybTCQT-Y,True,LOW,5.0,2024-07-30 23:27:17,False,,,
2024-08-01 00:00:00+00:00,AZEQl8VtqRxYybTCQT-Z,True,MEDIUM,5.0,2024-07-30 23:27:17,False,,,
2024-09-01 00:00:00+00:00,AZEpgUHSq7YChb1Q-fmP,True,BLOCKER,10.0,2024-08-06 20:51:20,False,,,
2024-09-01 00:00:00+00:00,AZGh10K_kFWmhlzjLIZ0,True,LOW,5.0,2024-08-29 18:51:04,False,,,
2024-09-01 00:00:00+00:00,AZGh10YlkFWmhlzjLIZ1,True,INFO,0.0,2024-08-28 23:31:03,False,,,
2024-09-01 00:00:00+00:00,AZUWLz1X36iphIe0EWZG,True,INFO,2.0,2024-08-27 18:05:34,False,,,
2024-09-01 00:00:00+00:00,AZUWLzlW36iphIe0EWYc,True,INFO,2.0,2024-08-30 05:39:35,False,,,
2024-10-01 00:00:00+00:00,AZEpgUJPq7YChb1Q-fmy,True,BLOCKER,10.0,2024-08-06 20:51:20,False,,,
2024-10-01 00:00:00+00:00,AZIlQfaunMroJnOziKU0,True,MEDIUM,5.0,2024-09-24 18:06:34,False,,,
2024-10-01 00:00:00+00:00,AZIlQfaunMroJnOziKUz,True,HIGH,5.0,2024-09-24 18:06:34,False,,,
2024-10-01 00:00:00+00:00,AZIlQfbAnMroJnOziKU1,True,HIGH,20.0,2024-09-24 18:06:34,False,,,
2024-10-01 00:00:00+00:00,AZIlQfbPnMroJnOziKU2,True,MEDIUM,5.0,2024-09-24 18:06:34,False,,,
2024-11-01 00:00:00+00:00,AZEpgUH0q7YChb1Q-fmT,True,BLOCKER,10.0,2024-08-06 20:51:20,False,,,
2024-11-01 00:00:00+00:00,AZLjvTa4yTR5NnVSEQi6,True,LOW,15.0,2024-10-31 17:46:03,False,,,
2024-11-01 00:00:00+00:00,AZUWL0E836iphIe0EWZo,True,INFO,2.0,2024-10-31 17:46:03,False,,,
2024-11-01 00:00:00+00:00,AZUWL0E836iphIe0EWZq,True,INFO,2.0,2024-10-31 17:46:03,False,,,
2024-11-01 00:00:00+00:00,AZUWLytz36iphIe0EWXv,True,INFO,2.0,2024-10-31 20:16:28,False,,,
2024-12-01 00:00:00+00:00,AZEpgUIYq7YChb1Q-fma,True,BLOCKER,10.0,2024-08-06 20:51:20,False,,,
2024-12-01 00:00:00+00:00,AZN1J1Z_qPrYZHMBqJv-,True,LOW,1.0,2024-11-28 18:48:10,False,,,
2024-12-01 00:00:00+00:00,AZN1J1Z_qPrYZHMBqJv_,True,LOW,1.0,2024-11-28 18:48:10,False,,,
2024-12-01 00:00:00+00:00,AZN1J1Z_qPrYZHMBqJwA,True,LOW,1.0,2024-11-28 18:48:10,False,,,
2024-12-01 00:00:00+00:00,AZN5phrQA7FbocFHFRWK,True,LOW,5.0,2024-11-29 20:24:00,False,,,
2025-01-01 00:00:00+00:00,AZEpgUIYq7YChb1Q-fmc,True,BLOCKER,10.0,2024-08-06 20:51:20,False,,,
2025-01-01 00:00:00+00:00,AZPcGz26x4TW4Sgx-uib,True,LOW,20.0,2024-12-18 21:13:57,False,,,
2025-01-01 00:00:00+00:00,AZPcGz26x4TW4Sgx-uic,True,MEDIUM,20.0,2024-12-18 19:27:57,False,,,
2025-01-01 00:00:00+00:00,AZPcGzuhx4TW4Sgx-uiZ,True,INFO,2.0,2024-12-18 19:27:57,False,,,
2025-01-01 00:00:00+00:00,AZPcGzuhx4TW4Sgx-uia,True,MEDIUM,5.0,2024-12-18 19:27:57,False,,,
2025-02-01 00:00:00+00:00,AZEpgUJPq7YChb1Q-fmy,True,BLOCKER,10.0,2024-08-06 20:51:20,False,,,
2025-02-01 00:00:00+00:00,AZTxM3OKH5-zNsbPck5R,True,LOW,1.0,2025-01-30 06:30:53,False,,,
2025-02-01 00:00:00+00:00,AZTxM3OKH5-zNsbPck5S,True,LOW,1.0,2025-01-30 06:30:53,False,,,
2025-02-01 00:00:00+00:00,AZUfZqVBKtSkhdc-WL--,True,MEDIUM,2.0,2025-01-31 18:19:12,False,,,
2025-02-01 00:00:00+00:00,AZVExhZeUPviI_xz-uZe,True,INFO,2.0,2025-01-29 23:50:59,False,,,
2025-03-01 00:00:00+00:00,AZEpgUIsq7YChb1Q-fmn,True,BLOCKER,10.0,2024-08-06 20:51:20,False,,,
2025-03-01 00:00:00+00:00,AZVA3oxYVVsZ_jYNUhg_,True,BLOCKER,10.0,2025-02-26 05:52:52,False,,,
2025-03-01 00:00:00+00:00,AZVA3oxYVVsZ_jYNUhhA,True,INFO,2.0,2025-02-26 05:52:52,False,,,
2025-03-01 00:00:00+00:00,AZVExhXgUPviI_xz-uZd,True,INFO,2.0,2025-02-27 00:04:59,False,,,
2025-03-01 00:00:00+00:00,AZVdfm9nUXLhTExiOTA9,True,MEDIUM,20.0,2025-02-28 23:43:07,False,,,
2025-04-01 00:00:00+00:00,AZC-NGEMGBt7I-s3fgd2,True,BLOCKER,15.0,2024-07-17 00:47:43,False,,,
2025-04-01 00:00:00+00:00,AZXacWyKMJgS6RpgV0Dm,True,INFO,2.0,2025-03-28 01:33:22,False,,,
2025-04-01 00:00:00+00:00,AZXacWyKMJgS6RpgV0Dn,True,INFO,2.0,2025-03-28 01:33:22,False,,,
2025-04-01 00:00:00+00:00,AZXacWyKMJgS6RpgV0Do,True,MEDIUM,5.0,2025-03-28 01:33:22,False,,,
2025-04-01 00:00:00+00:00,AZXp2g-Vmz7Q4bmkcJv6,True,LOW,1.0,2025-03-27 19:26:49,False,,,
2025-05-01 00:00:00+00:00,AZEpgUHSq7YChb1Q-fmO,True,BLOCKER,10.0,2024-08-06 20:51:20,False,,,
2025-05-01 00:00:00+00:00,AZaADT4UoKB3LvCCz2xY,True,INFO,2.0,2025-04-29 05:21:57,False,,,
2025-05-01 00:00:00+00:00,AZaADT4UoKB3LvCCz2xZ,True,INFO,2.0,2025-04-29 05:21:57,False,,,
2025-05-01 00:00:00+00:00,AZaADTySoKB3LvCCz2xW,True,INFO,2.0,2025-04-29 01:50:27,False,,,
2025-05-01 00:00:00+00:00,AZaOO94ORzY-K024VR-5,True,HIGH,6.0,2025-04-29 23:45:48,False,,,
2025-06-01 00:00:00+00:00,AZEpgUHSq7YChb1Q-fmN,True,BLOCKER,10.0,2024-08-06 20:51:20,False,,,
2025-06-01 00:00:00+00:00,AZc9R9rGoh1-NT4cCCBV,True,HIGH,8.0,2025-05-23 20:46:40,False,,,
2025-06-01 00:00:00+00:00,AZc9R9rGoh1-NT4cCCBX,True,HIGH,8.0,2025-05-23 20:46:40,False,,,
2025-06-01 00:00:00+00:00,AZcjjQXweYx_fPjtUDIM,True,HIGH,5.0,2025-05-24 01:17:53,False,,,
2025-06-01 00:00:00+00:00,AZcjjQYTeYx_fPjtUDIN,True,LOW,20.0,2025-05-24 01:17:53,False,,,
2025-07-01 00:00:00+00:00,AZEpgUI-q7YChb1Q-fmu,True,BLOCKER,10.0,2024-08-06 20:51:20,False,,,
2025-07-01 00:00:00+00:00,AZeoON8zpWpDxxNZPE02,True,MEDIUM,20.0,2025-06-25 17:36:15,False,,,
2025-07-01 00:00:00+00:00,AZeoON8zpWpDxxNZPE03,True,MEDIUM,30.0,2025-06-25 17:36:15,False,,,
2025-07-01 00:00:00+00:00,AZeoOOGUpWpDxxNZPE04,True,MEDIUM,30.0,2025-06-24 22:55:48,False,,,
2025-07-01 00:00:00+00:00,AZeoOOwapWpDxxNZPE05,True,INFO,2.0,2025-06-25 17:36:15,False,,,
2025-08-01 00:00:00+00:00,AZEpgUJiq7YChb1Q-fm5,True,BLOCKER,10.0,2024-08-06 20:51:20,False,,,
2025-08-01 00:00:00+00:00,AZhhzaIMSnxZU9dfTi3n,True,MEDIUM,10.0,2025-07-31 18:29:10,False,,,
2025-08-01 00:00:00+00:00,AZhhzaNESnxZU9dfTi3o,True,MEDIUM,10.0,2025-07-31 18:29:10,False,,,
2025-08-01 00:00:00+00:00,AZhhzaOmSnxZU9dfTi3p,True,MEDIUM,20.0,2025-07-31 18:29:10,False,,,
2025-08-01 00:00:00+00:00,AZhhzaapSnxZU9dfTi33,True,MEDIUM,5.0,2025-07-31 18:29:10,False,,,
2025-09-01 00:00:00+00:00,AZEpgUI-q7YChb1Q-fmt,True,BLOCKER,10.0,2024-08-06 20:51:20,False,,,
2025-09-01 00:00:00+00:00,AZjydkJUhon5GyfEwx9K,True,LOW,20.0,2025-08-28 20:39:17,False,,,
2025-09-01 00:00:00+00:00,AZjydkJUhon5GyfEwx9L,True,MEDIUM,15.0,2025-08-28 20:39:17,False,,,
2025-09-01 00:00:00+00:00,AZjydkJUhon5GyfEwx9M,True,MEDIUM,20.0,2025-08-28 20:39:17,False,,,
2025-09-01 00:00:00+00:00,AZjydkKphon5GyfEwx9N,True,MEDIUM,15.0,2025-08-28 20:39:17,False,,,
2025-10-01 00:00:00+00:00,AZEpgUHSq7YChb1Q-fmP,True,BLOCKER,10.0,2024-08-06 20:51:20,False,,,
2025-10-01 00:00:00+00:00,AZmcopNc0ENoPaHqgRkb,True,MEDIUM,30.0,2025-09-30 21:42:15,False,,,
2025-10-01 00:00:00+00:00,AZmcopNc0ENoPaHqgRkc,True,MEDIUM,30.0,2025-09-30 21:42:15,False,,,
2025-10-01 00:00:00+00:00,AZmcopP80ENoPaHqgRkg,True,INFO,2.0,2025-09-30 21:42:15,False,,,
2025-10-01 00:00:00+00:00,AZmcopP80ENoPaHqgRkh,True,INFO,2.0,2025-09-30 21:42:15,False,,,
2025-11-01 00:00:00+00:00,AZgLinIitCyNV8PB4zyY,True,BLOCKER,10.0,2025-07-15 00:27:23,False,,,
2025-11-01 00:00:00+00:00,AZpLVakMcoDPyZdpNJgD,True,LOW,5.0,2025-10-31 23:31:09,False,,,
2025-11-01 00:00:00+00:00,AZpRUNcKn3ZqF2pf26JW,True,LOW,2.0,2025-10-31 20:54:59,False,,,
2025-11-01 00:00:00+00:00,AZpRUNg5n3ZqF2pf26Jh,True,LOW,5.0,2025-10-31 20:54:59,False,,,
2025-11-01 00:00:00+00:00,AZpRUNhSn3ZqF2pf26Jn,True,LOW,1.0,2025-10-31 20:54:59,False,,,
2025-11-01 00:00:00+00:00,AYs_kX_9H6K4dSaTmTmt,False,,,,True,INFO,0.0,2023-10-17 21:13:48+00:00
2025-11-01 00:00:00+00:00,AYslYtGO29pDcg_Re1lq,False,,,,True,INFO,0.0,2023-09-29 18:41:58+00:00
2025-11-01 00:00:00+00:00,AZgznQcSLGBjmIWCNQBS,False,,,,True,INFO,0.0,2025-07-08 21:14:36+00:00
2025-12-01 00:00:00+00:00,AZEpgUHSq7YChb1Q-fmN,True,BLOCKER,10.0,2024-08-06 20:51:20,False,,,
2025-12-01 00:00:00+00:00,AZq965JRXp81zE1Tx8_3,True,INFO,2.0,2025-11-26 01:01:39,False,,,
2025-12-01 00:00:00+00:00,AZrC3kqFKPNKgWPZPfKD,True,INFO,2.0,2025-11-26 19:34:51,False,,,
2025-12-01 00:00:00+00:00,AZrC3kqFKPNKgWPZPfKE,True,LOW,5.0,2025-11-26 19:34:51,False,,,
2025-12-01 00:00:00+00:00,AZrdp0fax9bj30CvwkjD,True,MEDIUM,5.0,2025-11-27 21:49:17,False,,,
2025-12-01 00:00:00+00:00,AY6hEO6nI8PaZFh1vHly,False,,,,True,INFO,0.0,2024-03-26 19:55:30+00:00
2025-12-01 00:00:00+00:00,AYsq45gKpKjANpdYQPcL,False,,,,True,INFO,0.0,2023-10-13 21:01:09+00:00
2025-12-01 00:00:00+00:00,AZFSEbRlpOPD6rdShzbo,False,,,,True,LOW,1.0,2024-08-14 17:53:26+00:00
2025-12-01 00:00:00+00:00,AZgvsXdfWK27CS2vNgVA,False,,,,True,HIGH,10.0,2025-07-22 00:55:45+00:00
2025-12-01 00:00:00+00:00,AZgvsXeAWK27CS2vNgVL,False,,,,True,HIGH,10.0,2025-07-22 00:55:45+00:00
